ID,Category,SubCategory,StateName,ChineseName,Description,Priority,Reference
1,FreeExploration,BasicMovement,Explore_Default,默认探索状态,标准第三人称跟随，镜头高度与距离适中,1,All
2,FreeExploration,BasicMovement,Explore_Walk,步行状态,更cinematic的镜头感，轻微平滑阻尼,2,All
3,FreeExploration,BasicMovement,Explore_Jog,慢跑状态,基础移动，镜头略有滞后反馈,2,All
4,FreeExploration,BasicMovement,Explore_Sprint,冲刺状态,拉远+FOV增大+降低视角，强调速度感,1,All
5,FreeExploration,BasicMovement,Explore_Crouch,蹲伏状态,压低相机高度,2,All
6,FreeExploration,BasicMovement,Explore_CrouchSneak,蹲伏潜行,潜行时的低位视角,3,Some
7,FreeExploration,BasicMovement,Explore_Prone,匍匐状态,极低视角,4,Few
8,FreeExploration,BasicMovement,Explore_Backward,后退行走,可能轻微调整构图,2,All
9,FreeExploration,BasicMovement,Explore_BackpedalRecovery,后退恢复模式,从后退快速转为前进时的镜头平滑过渡,2,All
10,FreeExploration,BasicMovement,Explore_Strafe,侧向移动,保持面朝方向,2,All
11,FreeExploration,BasicMovement,Explore_ExplorationWander,探索漫游,自由漫游时的镜头行为,3,Some
12,FreeExploration,BasicMovement,Explore_PathFindFollow,寻路跟随,跟随引导路径时的镜头,3,Some
13,FreeExploration,Idle,Idle_Default,默认空闲,静止时的基础镜头状态,1,All
14,FreeExploration,Idle,Idle_Drift,空闲轻微漂移,空闲时相机轻微自然移动,3,Some
15,FreeExploration,Idle,Idle_Pan,空闲自动环顾,长时间空闲时自动环顾四周,3,Some
16,FreeExploration,Idle,Idle_EnvironmentScan,环境自动扫视,自动扫视周围环境,3,Some
17,FreeExploration,Idle,Idle_LongIdle,长时间空闲,可能触发特殊镜头或动画,2,All
18,FreeExploration,Alignment,Align_ScreenEdge,边缘自动对齐,角色接近屏幕边缘时自动对齐,1,All
19,FreeExploration,Alignment,Align_ReverseMovement,反向移动校正,Input-Driven Recentering,1,All
20,FreeExploration,Alignment,Align_SoftDelay,软性延迟跟随,转向时带阻尼,1,All
21,FreeExploration,Alignment,Align_HardSnap,硬对齐强制对齐,极端情况强制对齐,2,All
22,FreeExploration,Alignment,Align_WalkDirection,行走方向对齐,对齐到行走方向,2,All
23,FreeExploration,Alignment,Align_RunDirection,跑步方向对齐,对齐到跑步方向,2,All
24,FreeExploration,Shoulder,Shoulder_Left,左肩过肩视角,相机偏向左肩,2,Some
25,FreeExploration,Shoulder,Shoulder_Right,右肩过肩视角,相机偏向右肩,2,Some
26,FreeExploration,Shoulder,Shoulder_Switch,肩膀切换过渡,左右肩切换时的过渡,2,Some
27,FreeExploration,Shoulder,Shoulder_Center,中心视角,无偏移的中心视角,2,All
28,FreeExploration,Collision,Collision_Push,碰撞推动,撞墙时相机被推近,1,All
29,FreeExploration,Collision,Collision_WallPanic,墙壁恐慌模式,极端碰撞情况,2,All
30,FreeExploration,Collision,Collision_ObstructionFade,遮挡物渐隐,遮挡物变透明,1,All
31,FreeExploration,Collision,Collision_OcclusionRecovery,遮挡恢复,从被遮挡状态恢复,2,All
32,FreeExploration,Collision,Collision_TightSpace,狭小空间处理,狭小空间的相机处理,1,All
33,FreeExploration,Collision,Collision_TightCorridor,狭窄走廊模式,走廊中的特殊处理,2,All
34,FreeExploration,Collision,Collision_LowCeiling,低天花板压低,低天花板时压低相机,2,All
35,FreeExploration,Movement,Move_Jump,跳跃中,短暂解除跟随锁定,1,EldenRing
36,FreeExploration,Movement,Move_JumpAerial,空中跳跃,空中状态的镜头,2,EldenRing
37,FreeExploration,Movement,Move_Fall,坠落中,俯视角度变化，强调高度感,1,All
38,FreeExploration,Movement,Move_FallPanic,坠落恐慌模式,极端坠落情况,2,All
39,FreeExploration,Movement,Move_Land,落地瞬间,轻微震动+回正,1,All
40,FreeExploration,Movement,Move_HardLand,重落地,较强震动+FOV冲击,1,All
41,FreeExploration,Movement,Move_Roll,翻滚中,短暂延迟跟随,1,All
42,FreeExploration,Movement,Move_Slide,滑行滑坡,速度感强调,2,Some
43,FreeExploration,Movement,Move_CrouchSlide,蹲滑,蹲下滑行,3,Few
44,FreeExploration,Movement,Move_IceSlide,冰面滑行,冰面上的滑行,3,Few
45,FreeExploration,Movement,Move_SandDuneSlide,沙丘滑行,沙地滑行,3,Few
46,FreeExploration,Movement,Move_SprintToCover,冲刺掩体,冲向掩体,4,Few
47,FreeExploration,Movement,Move_SprintStumbleRecovery,疾跑踉跄恢复,疾跑中踉跄的恢复,3,Few
48,FreeExploration,Movement,Move_Swim_Surface,水面游泳,考虑水平线,2,Some
49,FreeExploration,Movement,Move_Swim_Underwater,水下游泳,可能有不同FOV后处理,2,Some
50,FreeExploration,Movement,Move_Swim_UnderwaterCurrent,水下暗流,受暗流影响时,3,Few
51,FreeExploration,Movement,Move_Swim_Dive,入水瞬间,入水时的镜头,2,Some
52,FreeExploration,Movement,Move_Swim_Emerge,出水瞬间,出水时的镜头,2,Some
53,FreeExploration,Climbing,Climb_Ladder,爬梯子,侧面或俯视固定视角,1,All
54,FreeExploration,Climbing,Climb_Ledge,攀爬边缘,强调手部和目标平台,2,EldenRing
55,FreeExploration,Climbing,Climb_LedgeHang,边缘悬挂,悬挂在边缘时,2,Some
56,FreeExploration,Climbing,Climb_Wall,攀岩爬墙,调整角度看到墙面,3,Few
57,FreeExploration,Climbing,Climb_WallCling,墙壁攀附,贴在墙上,3,Few
58,FreeExploration,Climbing,Climb_WallRun,墙跑,沿墙奔跑,4,Few
59,FreeExploration,Climbing,Climb_WallDash,墙冲,墙上冲刺,4,Few
60,FreeExploration,Climbing,Climb_CeilingCrawl,天花板爬行,在天花板上爬行,4,Few
61,FreeExploration,Climbing,Climb_Rope,爬绳索,爬绳子,3,Few
62,FreeExploration,Climbing,Climb_RopeZip,绳索滑行,沿绳索滑行,4,Few
63,FreeExploration,Climbing,Climb_Shimmy,悬挂侧移,沿边缘侧向移动,3,Few
64,FreeExploration,Climbing,Climb_VaultOver,翻越障碍,翻过障碍物,2,Some
65,FreeExploration,Climbing,Climb_MantleUp,撑起上台,撑起身体上平台,2,Some
66,FreeExploration,Climbing,Climb_DropDown,下落抓取,下落时抓住边缘,2,Some
67,FreeExploration,Climbing,Climb_GrappleSwing,钩索摆荡,用钩索摆荡,4,Sekiro
68,FreeExploration,Climbing,Climb_GrappleHookLaunch,钩索发射,发射钩索,4,Sekiro
69,FreeExploration,Climbing,Climb_GrappleHookSnap,钩索拉拽,被钩索拉过去,4,Sekiro
70,FreeExploration,Mount,Mount_Horse_Idle,骑马静止,骑在马上静止,1,EldenRing
71,FreeExploration,Mount,Mount_Horse_Walk,骑马慢走,骑马缓步,1,EldenRing
72,FreeExploration,Mount,Mount_Horse_Trot,骑马小跑,骑马小跑,1,EldenRing
73,FreeExploration,Mount,Mount_Horse_Gallop,骑马冲刺,更远距离+更广FOV,1,EldenRing
74,FreeExploration,Mount,Mount_Horse_Sprint,骑马极速冲刺,最高速骑行,1,EldenRing
75,FreeExploration,Mount,Mount_Horse_Jump,骑马跳跃,骑马跳跃,1,EldenRing
76,FreeExploration,Mount,Mount_Horse_Combat,骑马战斗,骑马战斗状态,1,EldenRing
77,FreeExploration,Mount,Mount_Horse_CombatLock,骑马战斗锁定,骑马时锁定敌人,1,EldenRing
78,FreeExploration,Mount,Mount_Horse_CombatRanged,骑马远程战斗,骑马时远程攻击,2,EldenRing
79,FreeExploration,Mount,Mount_Dismount,下马过程,下马动作,1,EldenRing
80,FreeExploration,Mount,Mount_DismountCombat,下马战斗,战斗中下马,2,EldenRing
81,FreeExploration,Mount,Mount_Mount,上马过程,上马动作,1,EldenRing
82,FreeExploration,Mount,Mount_MountCinematic,上马过场,上马的过场表现,2,EldenRing
83,FreeExploration,Mount,Mount_TorrentSummonEntry,坐骑召唤进入,召唤灵马,1,EldenRing
84,FreeExploration,Mount,Mount_TorrentDismissExit,坐骑遣散退出,遣散灵马,1,EldenRing
85,FreeExploration,Mount,Mount_Flying,飞行坐骑,飞行中,4,Few
86,FreeExploration,Mount,Mount_GlidingDescent,滑翔下降,滑翔,4,Few
87,FreeExploration,Mount,Mount_Boat,乘船,坐船,4,Few
88,FreeExploration,Mount,Mount_Cart,乘坐载具矿车,乘坐载具,4,Few
89,FreeExploration,Mount,Mount_FastTravel,快速旅行,传送时,2,All
90,FreeExploration,Edge,Edge_CliffDetection,悬崖边缘检测,检测到悬崖边缘,2,All
91,FreeExploration,Edge,Edge_CliffView,悬崖观景,在悬崖边观景,2,All
92,FreeExploration,Edge,Edge_CliffWarning,悬崖警告,危险警告,2,All
93,FreeExploration,Edge,Edge_VistaReveal,风景展示点,展示远景,2,All
94,FreeExploration,Edge,Edge_DangerWarning,危险边缘警告,危险区域警告,2,All
95,FreeExploration,Edge,Edge_BalanceWalk,平衡行走,窄桥等平衡行走,3,Some
96,FreeExploration,Edge,Edge_HighGroundSurvey,高地侦查,在高处侦查,2,All
97,FreeExploration,Edge,Edge_HighGroundElevation,高地视野提升,高处视野更好,2,All
98,FreeExploration,Edge,Edge_TerrainEdgeLookout,地形边缘瞭望,边缘瞭望,2,All
99,FreeExploration,Edge,Edge_LowCrouchPeek,低蹲窥视,蹲下窥视,3,Some
100,FreeExploration,Stealth,Stealth_Default,潜行默认,默认潜行状态,3,Some
101,FreeExploration,Stealth,Stealth_Stalk,潜行跟踪,跟踪敌人,3,Some
102,FreeExploration,Stealth,Stealth_Undetected,未被发现,潜行未被发现,3,Some
103,FreeExploration,Stealth,Stealth_Alerted,被发现瞬间,被敌人发现,2,Some
104,FreeExploration,Stealth,Stealth_Hiding,躲藏中,躲在掩体后,3,Some
105,FreeExploration,AreaTransition,Area_Enter_Normal,普通区域进入,进入新区域,2,All
106,FreeExploration,AreaTransition,Area_Enter_New,新区域进入,首次进入显示名称,1,All
107,FreeExploration,AreaTransition,Area_Enter_Boss,Boss区域进入,进入Boss区域,1,All
108,FreeExploration,AreaTransition,Area_Enter_Safe,安全区域进入,进入安全区,2,All
109,FreeExploration,AreaTransition,Area_Enter_Danger,危险区域进入,进入危险区,2,All
110,FreeExploration,AreaTransition,Area_Enter_Indoor,进入室内,室内场景,2,All
111,FreeExploration,AreaTransition,Area_Enter_Outdoor,进入室外,室外场景,2,All
112,FreeExploration,AreaTransition,Area_Enter_Underground,进入地下,地下场景,2,All
113,FreeExploration,AreaTransition,Area_Enter_Underwater,进入水下区域,水下场景,3,Some
114,FreeExploration,AreaTransition,Area_Transition,区域过渡,区域间过渡,2,All
115,FreeExploration,AreaTransition,Area_BoundaryApproach,边界接近,接近区域边界,2,All
116,FreeExploration,AreaTransition,Area_FogWallApproach,雾门接近,接近雾门,1,All
117,FreeExploration,AreaTransition,Area_Exit,离开区域,离开当前区域,2,All
118,FreeExploration,AreaTransition,Area_Boundary,接近区域边界,区域边界处理,2,All
119,Combat,BasicCombat,Combat_Default,战斗警戒状态,比探索稍近更紧张,1,All
120,Combat,BasicCombat,Combat_Neutral,战斗就绪但未锁定,就绪但未锁定,1,All
121,Combat,BasicCombat,Combat_Ready,战斗准备,准备战斗,1,All
122,Combat,BasicCombat,Combat_Idle,战斗空闲,战斗中空闲,1,All
123,Combat,BasicCombat,Combat_Engaged,战斗交战中,正在交战,1,All
124,Combat,BasicCombat,Combat_Close,近距离战斗,近距离战斗,1,All
125,Combat,BasicCombat,Combat_Far,远距离战斗,远距离战斗,1,All
126,Combat,BasicCombat,Combat_MeleeRange,近战范围,近战范围内,1,All
127,Combat,BasicCombat,Combat_RangedRange,远程范围,远程范围内,1,All
128,Combat,BasicCombat,Combat_Disengage,脱离战斗过渡,脱离战斗,1,All
129,Combat,BasicCombat,Combat_Circling,绕敌人走动,围绕敌人移动,1,All
130,Combat,BasicCombat,Combat_Retreat,战斗后退,战斗中后退,1,All
131,Combat,BasicCombat,Combat_CrowdControl,群控战斗,面对多敌人,2,All
132,Combat,Threat,Threat_AggroAlert,仇恨警报状态,敌人仇恨警报,2,All
133,Combat,Threat,Threat_Proximity,威胁接近检测,威胁接近,2,All
134,Combat,Threat,Threat_PanicZoomIn,恐慌拉近,危险时拉近,2,All
135,Combat,Threat,Threat_EnemyReveal,敌人揭示提示,揭示隐藏敌人,2,All
136,Combat,Threat,Threat_AmbushWarning,伏击警告,伏击警告,2,All
137,Combat,Threat,Threat_HiddenEnemyScan,隐藏敌人扫描,扫描隐藏敌人,3,Some
138,Combat,Threat,Threat_FoeDetectionZoom,敌人探测zoom,探测敌人时zoom,3,Some
139,Combat,LockOn,LockOn_Hard,硬锁定,目标居中,1,All
140,Combat,LockOn,LockOn_HardHead,硬锁定头部,锁定头部,2,Some
141,Combat,LockOn,LockOn_HardTorso,硬锁定躯干,锁定躯干,2,Some
142,Combat,LockOn,LockOn_HardRoot,硬锁定根部脚部,锁定脚部,2,Some
143,Combat,LockOn,LockOn_Soft,软锁定,朝向偏转,1,All
144,Combat,LockOn,LockOn_SoftNearest,软锁定最近目标,锁定最近敌人,1,All
145,Combat,LockOn,LockOn_SoftThreat,软锁定最高威胁,锁定最危险敌人,2,Some
146,Combat,LockOn,LockOn_Acquire,锁定获取,获取锁定,1,All
147,Combat,LockOn,LockOn_Maintain,锁定维持,维持锁定,1,All
148,Combat,LockOn,LockOn_Break,锁定断开,断开锁定,1,All
149,Combat,LockOn,LockOn_BreakRecover,锁定断开恢复,断开后恢复,2,All
150,Combat,LockOn,LockOn_SwitchTarget,切换锁定目标过渡,切换目标,1,All
151,Combat,LockOn,LockOn_TargetScrollUp,目标向上滚动切换,向上切换目标,1,All
152,Combat,LockOn,LockOn_TargetScrollDown,目标向下滚动切换,向下切换目标,1,All
153,Combat,LockOn,LockOn_LoseTarget,失去锁定目标,丢失目标,1,All
154,Combat,LockOn,LockOn_ReleaseFade,解除锁定渐出,解锁渐出,1,All
155,Combat,LockOn,LockOn_MultiTarget,多目标锁定显示,多目标情况,1,All
156,Combat,LockOn,LockOn_MultiTargetBlend,多目标混合,多目标混合,2,All
157,Combat,LockOn,LockOn_MultiTargetPriority,多目标优先级计算,计算优先级,2,All
158,Combat,LockOn,LockOn_Orbit,锁定时轨道移动,绕目标移动,1,All
159,Combat,LockOn,LockOn_Framing,锁定时构图调整,调整构图,1,All
160,Combat,LockOn,LockOn_BehindObstacle,目标被遮挡时的处理,目标被遮挡,1,All
161,Combat,LockOn,LockOn_TargetTooClose,目标过近时拉远,目标太近,1,All
162,Combat,LockOn,LockOn_TargetTooFar,目标过远时的处理,目标太远,1,All
163,Combat,LockOn,LockOn_TargetAbove,目标在上方,目标在上方,1,All
164,Combat,LockOn,LockOn_TargetBelow,目标在下方,目标在下方,1,All
165,Combat,LockOn,LockOn_DynamicAdjust,动态调整,根据敌人大小调整,2,All
166,Combat,LockOn,LockOn_WeakPointFocus,弱点聚焦,锁定弱点,2,Some
167,Combat,LockOn,LockOn_SplineFollow,样条跟随,跟随移动Boss,2,Some
168,Combat,LockOn,LockOn_AutoEngage,自动锁定,自动锁定,2,Some
169,Combat,LockOn,LockOn_DistanceAdjust,锁定距离调整,调整距离,1,All
170,Combat,LockOn,LockOn_Interrupt,锁定中断,锁定被中断,2,All
171,Combat,LockOn,LockOn_PriorityShift,优先级转移,转移优先级,2,All
172,Combat,LockOn,LockOn_EnemyGroupFocus,敌群聚焦,聚焦敌人群,2,All
173,Combat,Attack,Attack_Light,轻攻击,轻微前推感,1,All
174,Combat,Attack,Attack_Heavy,重攻击,更强调的镜头动作,1,All
175,Combat,Attack,Attack_Combo,连击中,保持流畅跟随,1,All
176,Combat,Attack,Attack_ComboFlow,连招流程,连招流程,1,All
177,Combat,Attack,Attack_ComboFlowTrack,连招追踪,追踪连招,1,All
178,Combat,Attack,Attack_AttackFollow,攻击跟随,跟随攻击,1,All
179,Combat,Attack,Attack_Charged,蓄力攻击,zoom-in强调,1,All
180,Combat,Attack,Attack_ChargedPrepare,蓄力准备阶段,准备蓄力,1,All
181,Combat,Attack,Attack_ChargedRelease,蓄力释放瞬间,释放蓄力,1,All
182,Combat,Attack,Attack_WeaponWindup,武器蓄力镜头,武器蓄力,1,All
183,Combat,Attack,Attack_Jumping,跳跃攻击,跳跃攻击,1,EldenRing
184,Combat,Attack,Attack_JumpAttackDive,跳跃攻击俯冲,俯冲攻击,1,EldenRing
185,Combat,Attack,Attack_Plunging,下落攻击插入攻击,下落攻击,1,All
186,Combat,Attack,Attack_Running,冲刺攻击,冲刺攻击,1,All
187,Combat,Attack,Attack_DashLunge,冲刺突进,突进攻击,1,All
188,Combat,Attack,Attack_SlideAttack,滑铲攻击,滑铲,2,Some
189,Combat,Attack,Attack_Backstep,后撤攻击,后撤攻击,1,All
190,Combat,Attack,Attack_Skill,战技技能攻击,战技,1,All
191,Combat,Attack,Attack_WeaponArt_Intro,战技开始,战技开始,1,All
192,Combat,Attack,Attack_WeaponArt_Loop,战技持续,战技持续,1,All
193,Combat,Attack,Attack_WeaponArt_Outro,战技结束,战技结束,1,All
194,Combat,Attack,Attack_Ultimate,大招奥义,大招,2,Some
195,Combat,Attack,Attack_FollowUp,追击攻击,追击,1,All
196,Combat,Attack,Attack_WakeUp,起身攻击,起身攻击,1,All
197,Combat,Attack,Attack_CounterZoom,反击zoom,反击时zoom,1,All
198,Combat,Attack,Attack_DualWield,双持模式,双持武器,1,All
199,Combat,Attack,Attack_DualWieldSpin,双持旋转,双持旋转攻击,2,Some
200,Combat,Attack,Attack_2HMode,双手持握模式,双手持握,1,All
201,Combat,Attack,Attack_WeaponSpecific,武器特定镜头,特定武器镜头,2,All
202,Combat,Attack,Attack_Transform,变形攻击,武器变形攻击,1,Bloodborne
203,Combat,Defend,Defend_Block,举盾格挡,格挡,1,All
204,Combat,Defend,Defend_BlockHit,格挡受击瞬间,格挡受击,1,All
205,Combat,Defend,Defend_BlockBreak,盾被打破崩防,崩防,1,All
206,Combat,Defend,Defend_GuardStance,防御姿态,防御姿态,1,All
207,Combat,Defend,Defend_ShieldDeflectFlash,盾牌弹反闪光,盾反闪光,1,All
208,Combat,Defend,Defend_Parry,弹反成功,弹反,1,All
209,Combat,Defend,Defend_ParryBoost,弹反镜头强调,弹反强调,1,All
210,Combat,Defend,Defend_ParryWindow,弹反判定窗口,弹反窗口,2,All
211,Combat,Defend,Defend_ParryPerfect,完美弹反,完美弹反,1,LiesOfP
212,Combat,Defend,Defend_GunParry,枪械弹反,枪反,1,Bloodborne
213,Combat,Defend,Defend_MidAirParry,空中弹反,空中弹反,2,Some
214,Combat,Defend,Defend_PerfectDodge,完美闪避,完美闪避,1,All
215,Combat,Dodge,Dodge_Roll,翻滚闪避,翻滚,1,All
216,Combat,Dodge,Dodge_RollCamera,翻滚专用镜头,翻滚镜头,1,All
217,Combat,Dodge,Dodge_Backstep,后撤步,后撤步,1,All
218,Combat,Dodge,Dodge_Sidestep,侧闪,侧闪,1,All
219,Combat,Dodge,Dodge_Through,穿越闪避,穿过敌人,1,All
220,Combat,Dodge,Dodge_Quickstep,快速步,血源快速步,1,Bloodborne
221,Combat,Dodge,Dodge_HitReactionDodge,受击闪避,受击后闪避,2,All
222,Combat,Hit,Hit_Light,轻微受击,小震动,1,All
223,Combat,Hit,Hit_Heavy,重击受创,大震动,1,All
224,Combat,Hit,Hit_Critical,暴击,暴击,1,All
225,Combat,Hit,Hit_CriticalFlash,暴击闪光,暴击闪光,1,All
226,Combat,Hit,Hit_Stagger,硬直状态,硬直,1,All
227,Combat,Hit,Hit_StaggerRecovery,硬直恢复,硬直恢复,1,All
228,Combat,Hit,Hit_StaggeredRecoil,硬直后坐,硬直后坐,1,All
229,Combat,Hit,Hit_Knockback,击退中,击退,1,All
230,Combat,Hit,Hit_Knockdown,倒地,倒地,1,All
231,Combat,Hit,Hit_KnockdownGround,倒地状态,在地上,1,All
232,Combat,Hit,Hit_GroundRecovery,地面恢复,地面恢复,1,All
233,Combat,Hit,Hit_Launch,浮空挑飞,浮空,1,All
234,Combat,Hit,Hit_AirborneFlip,空中翻转,空中翻转,2,Some
235,Combat,Hit,Hit_Slam,砸地,砸地,1,All
236,Combat,Hit,Hit_GrabStart,被抓取开始,被抓,1,All
237,Combat,Hit,Hit_GrabHeld,被抓住中,被抓住,1,All
238,Combat,Hit,Hit_GrabThrow,被投掷,被扔,1,All
239,Combat,Hit,Hit_WallSplat,撞墙,撞墙,1,All
240,Combat,Hit,Hit_WallKickRebound,墙壁反弹,墙反弹,2,Some
241,Combat,Hit,Hit_GroundBounce,落地反弹,地反弹,1,All
242,Combat,Hit,Hit_BleedOutShake,流血震动,流血震动,2,Bloodborne
243,Combat,Hit,Hit_PostureBreak,架势崩溃,架势崩溃,1,LiesOfP
244,Combat,Status,Status_Poison,中毒状态,中毒,1,All
245,Combat,Status,Status_Freeze,冻结状态,冻结,1,All
246,Combat,Status,Status_Burn,燃烧状态,燃烧,1,All
247,Combat,Status,Status_Stun,眩晕状态,眩晕,1,All
248,Combat,Status,Status_Curse,诅咒状态,诅咒,1,All
249,Combat,Status,Status_Madness,狂乱状态,狂乱,1,All
250,Combat,Status,Status_Illusion,幻觉状态,幻觉,2,Some
251,Combat,Status,Status_SanityLoss,理智丧失,理智丧失,2,Bloodborne
252,Combat,Status,Status_Bleed,流血状态,流血,1,Bloodborne
253,Combat,Status,Status_Frenzy,狂乱,狂乱,1,Bloodborne
254,Combat,Status,Status_Frost,冻伤,冻伤,1,DarkSouls3
255,Combat,Status,Status_ScarletRot,猩红腐败,猩红腐败,1,EldenRing
256,Combat,Special,Special_Backstab,背刺,背刺,1,All
257,Combat,Special,Special_BackstabZoom,背刺zoom,背刺zoom,1,All
258,Combat,Special,Special_Riposte,处决反击处决,处决,1,All
259,Combat,Special,Special_ViscералAttack,内脏攻击致命一击,内脏攻击,1,Bloodborne
260,Combat,Special,Special_Execution,处刑动画,处刑,1,All
261,Combat,Special,Special_ExecutionDollyZoom,处决推拉变焦,处决推拉,1,All
262,Combat,Special,Special_FinishingBlow,终结一击,终结,1,All
263,Combat,Special,Special_FatalBlow,致命一击,致命一击,1,LiesOfP
264,Combat,Special,Special_Assassination,暗杀,暗杀,2,Some
265,Combat,Special,Special_StealthKill,潜行击杀,潜行击杀,2,Some
266,Combat,Special,Special_StealthAssassin,潜行暗杀镜头,潜行暗杀,2,Some
267,Combat,Special,Special_AerialFinisher,空中终结,空中终结,2,Some
268,Combat,Special,Special_CounterKill,反击击杀,反击击杀,1,All
269,Combat,Special,Special_EnvironmentKill,环境击杀,环境击杀,2,Some
270,Combat,Special,Special_DualFinisher,双人联合终结,双人终结,3,Some
271,Combat,Special,Special_ChainKill,连续击杀,连续击杀,2,Some
272,Combat,Boss,Boss_Intro,Boss登场,Boss登场,1,All
273,Combat,Boss,Boss_IntroCinematic,Boss登场过场,Boss过场,1,All
274,Combat,Boss,Boss_Fight_Phase1,Boss战第一阶段,一阶段,1,All
275,Combat,Boss,Boss_Fight_Phase2,Boss战第二阶段,二阶段,1,All
276,Combat,Boss,Boss_Fight_Phase3,Boss战第三阶段,三阶段,1,All
277,Combat,Boss,Boss_PhaseTransition,Boss阶段转换,阶段转换,1,All
278,Combat,Boss,Boss_PhaseChangeDrama,阶段变化戏剧,阶段戏剧,1,All
279,Combat,Boss,Boss_PhaseResetRecenter,阶段重置回中,重置回中,1,All
280,Combat,Boss,Boss_Enrage,Boss狂暴状态,狂暴,1,All
281,Combat,Boss,Boss_EnrageCam,Boss狂暴镜头,狂暴镜头,1,All
282,Combat,Boss,Boss_SpecialAttack,Boss特殊攻击,特殊攻击,1,All
283,Combat,Boss,Boss_AreaAttack,Boss范围攻击,范围攻击,1,All
284,Combat,Boss,Boss_EnvironmentalImpact,Boss环境冲击,环境冲击,1,All
285,Combat,Boss,Boss_Staggered,Boss硬直,Boss硬直,1,All
286,Combat,Boss,Boss_Down,Boss倒地,Boss倒地,1,All
287,Combat,Boss,Boss_FinalBlow,Boss最终一击,最终一击,1,All
288,Combat,Boss,Boss_Death,Boss死亡演出,Boss死亡,1,All
289,Combat,Boss,Boss_DeathSpectate,Boss死亡观战,死亡观战,1,All
290,Combat,Boss,Boss_Victory,Boss战胜利,胜利,1,All
291,Combat,Boss,Boss_LockWide,Boss战广角锁定,广角锁定,1,All
292,Combat,Boss,Boss_LockHighAngle,Boss战高角度锁定,高角度,1,All
293,Combat,Boss,Boss_LockArena,Boss战竞技场锁定,竞技场锁定,1,All
294,Combat,Boss,Boss_GiantEnemy,巨型Boss,巨型Boss,1,All
295,Combat,Boss,Boss_GiantAdapt,巨型Boss自适应,巨型自适应,1,All
296,Combat,Boss,Boss_FlyingEnemy,飞行Boss,飞行Boss,1,All
297,Combat,Boss,Boss_FlyingChase,飞行Boss追踪,飞行追踪,1,All
298,Combat,Boss,Boss_MultiPart,多部位Boss,多部位,1,All
299,Combat,Boss,Boss_MultiPhase,多阶段Boss,多阶段,1,All
300,Combat,Boss,Boss_MultiBossOrbit,多Boss轨道,多Boss,2,Some
301,Combat,Boss,Boss_Arena,竞技场边界相机,边界相机,1,All
302,Combat,Boss,Boss_ArenaBound,竞技场边界限制,边界限制,1,All
303,Combat,Boss,Boss_ArenaBoundaryPan,竞技场边界平移,边界平移,1,All
304,Combat,Boss,Boss_ProximityWide,Boss接近时广角,接近广角,1,All
305,Combat,Boss,Boss_WeaknessReveal,Boss弱点揭示,弱点揭示,2,Some
306,Combat,Boss,Boss_WeakPointHighlight,Boss弱点高亮,弱点高亮,2,Some
307,Combat,Boss,Boss_TeleportReveal,Boss传送揭示,传送揭示,2,Some
308,Combat,Boss,Boss_SummonCam,Boss召唤镜头,召唤镜头,1,All
309,Combat,Boss,Boss_SummonAllyAssistLock,召唤协助锁定,协助锁定,2,Some
310,Combat,Boss,Boss_SiegeWeaponTarget,攻城武器瞄准,攻城瞄准,3,Few
311,Combat,Boss,Boss_HealthBarOverlay,血条覆盖,血条覆盖,1,All
312,Combat,Boss,Boss_ComboBreakCam,连招打断镜头,打断镜头,1,All
313,Combat,Boss,Boss_SpawnIntro,Boss生成登场,生成登场,1,All
314,Combat,Boss,Boss_DespawnOutro,Boss消失退场,消失退场,1,All
315,Combat,Boss,Boss_ArenaConstrain,竞技场约束,竞技场约束,1,All
316,Combat,Ranged,Ranged_Aim,瞄准状态,瞄准,1,All
317,Combat,Ranged,Ranged_Aim_Precise,精确瞄准,精确瞄准,1,All
318,Combat,Ranged,Ranged_Aim_Scope,瞄准镜视角,瞄准镜,2,Some
319,Combat,Ranged,Ranged_Fire,射击瞬间,射击,1,All
320,Combat,Ranged,Ranged_Reload,装填弹药,装填,1,All
321,Combat,Ranged,Ranged_BowDraw,拉弓蓄力,拉弓,1,All
322,Combat,Ranged,Ranged_BowRelease,放箭,放箭,1,All
323,Combat,Ranged,Ranged_ThrowPrepare,投掷准备,投掷准备,1,All
324,Combat,Ranged,Ranged_ThrowRelease,投掷释放,投掷,1,All
325,Combat,Ranged,Ranged_Crossbow,弩箭瞄准,弩箭,1,All
326,Combat,Ranged,Ranged_Magic_Aim,魔法瞄准,魔法瞄准,1,All
327,Combat,Ranged,Ranged_Magic_Cast,魔法施放,魔法施放,1,All
328,Combat,Ranged,Ranged_Magic_CastArc,魔法施法弧线,施法弧线,1,All
329,Combat,Ranged,Ranged_Magic_Channel,魔法引导,魔法引导,1,All
330,Combat,Ranged,Ranged_SpellCastAim,施法瞄准,施法瞄准,1,All
331,Combat,Ranged,Ranged_ZoomOut,远程战斗拉远,远程拉远,1,All
332,Combat,Ranged,Ranged_Gun,枪械射击,枪械,1,Bloodborne
333,Combat,Multiplayer,Coop_SummonAlly,召唤友军,召唤友军,1,All
334,Combat,Multiplayer,Coop_SummonWait,召唤等待,召唤等待,1,All
335,Combat,Multiplayer,Coop_Combat,协力战斗,协力战斗,1,All
336,Combat,Multiplayer,Coop_Revive,复活队友,复活队友,1,All
337,Combat,Multiplayer,PvP_Invade,入侵被入侵,入侵,1,All
338,Combat,Multiplayer,PvP_Duel,PvP决斗,决斗,1,All
339,Combat,Multiplayer,PvP_DeathCam,PvP死亡视角,PvP死亡,1,All
340,Combat,DeadAngle,Combat_DeadAngle,死角修正,死角修正,1,All
341,Combat,DeadAngle,Combat_TargetLost,目标丢失搜索,目标丢失,1,All
342,Combat,DeadAngle,Combat_TargetSearch,目标搜索状态,目标搜索,1,All
343,Combat,DeadAngle,Combat_TargetReacquire,目标重新获取,目标重获,1,All
344,Combat,Summon,Summon_SpiritAsh,灵灰召唤,灵灰,1,EldenRing
345,Combat,Summon,Summon_NPC,NPC召唤,NPC召唤,1,All
346,Combat,Summon,Summon_Player,玩家召唤,玩家召唤,1,All
347,Environment,Door,Door_Approach,接近门,接近门,2,All
348,Environment,Door,Door_Open_Normal,普通开门,普通开门,1,All
349,Environment,Door,Door_Open_Heavy,推重门,推重门,1,All
350,Environment,Door,Door_Open_Slow,缓慢开门,缓慢开门,2,All
351,Environment,Door,Door_Open_Kick,踢门,踢门,2,Some
352,Environment,Door,Door_Open_Pull,拉门,拉门,2,All
353,Environment,Door,Door_Open_Pan,开门平移镜头,开门平移,1,All
354,Environment,Door,Door_BossFog_Enter,穿过Boss雾门,雾门进入,1,All
355,Environment,Door,Door_BossFog_Exit,离开Boss雾门,雾门离开,1,All
356,Environment,Door,Door_Locked,门被锁,门被锁,1,All
357,Environment,Door,Door_Unlock,解锁门,解锁,1,All
358,Environment,Door,Door_Shortcut,打开捷径门,捷径门,1,All
359,Environment,Door,Gate_Raise,升起闸门,升闸门,1,All
360,Environment,Door,Gate_Lower,降下闸门,降闸门,1,All
361,Environment,Door,Gate_UnlockSequence,门解锁序列,解锁序列,1,All
362,Environment,Door,Portcullis,吊闸操作,吊闸,2,Some
363,Environment,Door,Drawbridge,吊桥操作,吊桥,2,Some
364,Environment,Destructible,Destructible_Hit,攻击可破坏物,攻击破坏物,1,All
365,Environment,Destructible,Destructible_Break,破坏物破碎,破坏物破碎,1,All
366,Environment,Destructible,IllusoryWall_Reveal,幻影墙消失揭示,幻影墙,1,All
367,Environment,Destructible,HiddenPath_Discover,发现隐藏通道,隐藏通道,1,All
368,Environment,Destructible,HiddenWall_Slide,隐藏墙滑动,隐藏墙滑动,1,All
369,Environment,Destructible,HiddenDoor,隐藏门,隐藏门,1,All
370,Environment,Destructible,SecretRoom_Enter,进入秘密房间,秘密房间,1,All
371,Environment,Destructible,SecretPassage,秘密通道,秘密通道,1,All
372,Environment,Destructible,BreakableFloor,地板塌陷,地板塌陷,1,All
373,Environment,Destructible,CollapsingPlatform,平台崩塌,平台崩塌,1,All
374,Environment,Destructible,CrackedWall_Break,裂墙破坏,裂墙破坏,1,All
375,Environment,Mechanism,Lever_Pull,拉杆操作,拉杆,1,All
376,Environment,Mechanism,Lever_PullClose,拉杆特写,拉杆特写,1,All
377,Environment,Mechanism,Button_Press,按钮按下,按钮,1,All
378,Environment,Mechanism,Wheel_Turn,转动轮盘,轮盘,2,Some
379,Environment,Mechanism,Chain_Pull,拉链条,链条,2,Some
380,Environment,Mechanism,Crank_Turn,转动曲柄,曲柄,2,Some
381,Environment,Mechanism,PressurePlate,踩踏板,踏板,2,Some
382,Environment,Mechanism,Mechanism_Operate,机关操作,机关操作,1,All
383,Environment,Trap,Trap_Trigger,触发陷阱,陷阱触发,1,All
384,Environment,Trap,Trap_TriggerDodge,陷阱触发闪避,陷阱闪避,1,All
385,Environment,Trap,Trap_Arrow,箭矢陷阱,箭矢陷阱,1,All
386,Environment,Trap,Trap_Blade,刀刃陷阱,刀刃陷阱,1,All
387,Environment,Trap,Trap_Spike,尖刺陷阱,尖刺陷阱,1,All
388,Environment,Trap,Trap_Boulder,滚石陷阱,滚石陷阱,1,All
389,Environment,Trap,Trap_Pit,地洞陷阱,地洞陷阱,1,All
390,Environment,Trap,Trap_Poison,毒气陷阱,毒气陷阱,1,All
391,Environment,Trap,Trap_Explosion,爆炸陷阱,爆炸陷阱,1,All
392,Environment,Elevator,MovingPlatform,移动平台,移动平台,1,All
393,Environment,Elevator,Elevator_Ride,乘坐电梯升降机,电梯乘坐,1,All
394,Environment,Elevator,Elevator_Arrive,电梯到达,电梯到达,1,All
395,Environment,Elevator,Elevator_ShaftFall,电梯井坠落,电梯井坠落,2,Some
396,Environment,Light,Torch_Light,点燃火把,点燃火把,1,All
397,Environment,Light,Torch_Extinguish,熄灭火把,熄灭火把,2,Some
398,Environment,Light,Brazier_Light,点燃火盆,点燃火盆,2,Some
399,Environment,Light,Lantern_Raise,举起提灯,举起提灯,1,Bloodborne
400,Environment,Light,Lantern_Lower,放下提灯,放下提灯,1,Bloodborne
401,Environment,Light,Darkness_Enter,进入黑暗区域,进入黑暗,1,All
402,Environment,Light,Darkness_Exit,离开黑暗区域,离开黑暗,1,All
403,Environment,Light,Darkness_Adapt,黑暗适应,黑暗适应,2,Some
404,Environment,Light,Fog_Enter,进入迷雾,进入迷雾,1,All
405,Environment,Light,Fog_Exit,离开迷雾,离开迷雾,1,All
406,Environment,Light,Underwater_Vision,水下视觉,水下视觉,2,Some
407,Environment,POI,POI_Peek,兴趣点窥视,兴趣点窥视,2,All
408,Environment,POI,POI_ProjectileTrack,投掷物追踪,投掷物追踪,2,All
409,Environment,POI,POI_MechanismShow,机关展示,机关展示,2,All
410,Environment,POI,POI_TowerReveal,远方高塔揭示,高塔揭示,2,All
411,Environment,POI,POI_LandmarkHint,地标提示,地标提示,2,All
412,Environment,POI,POI_DiscoveryZoom,发现zoom,发现zoom,2,All
413,Environment,POI,Guided_PathCamera,引导路径相机,引导路径,2,Some
414,Environment,POI,Guided_DirectionHint,方向提示,方向提示,2,Some
415,Environment,POI,Event_Highlight,事件高亮提示,事件高亮,2,All
416,Environment,Puzzle,Puzzle_Overview,解谜全景,解谜全景,2,Some
417,Environment,Puzzle,Puzzle_Focus,解谜聚焦,解谜聚焦,2,Some
418,Environment,Puzzle,Puzzle_Rotate,解谜旋转视角,解谜旋转,2,Some
419,Environment,Puzzle,Puzzle_SemiFixed,解谜半固定镜头,解谜半固定,2,Some
420,Environment,Puzzle,Puzzle_Solved,解谜完成,解谜完成,2,Some
421,Environment,Puzzle,Puzzle_PiecePlace,谜题放置,谜题放置,2,Some
422,Environment,Puzzle,Puzzle_GlyphCarving,符文雕刻,符文雕刻,2,Some
423,Environment,Hazard,Env_BridgeCollapse,桥梁崩塌,桥梁崩塌,1,All
424,Environment,Hazard,Env_RuinCollapseEscape,遗迹坍塌逃脱,遗迹坍塌,2,Some
425,Environment,Hazard,Env_WindCurrentSway,风流摇摆,风流摇摆,2,Some
426,Environment,Hazard,Env_WaterCurrentDrift,水流漂移,水流漂移,2,Some
427,Environment,Hazard,Env_IceSlipRecovery,冰面滑倒恢复,冰面滑倒,2,Some
428,Environment,Altar,Altar_Ignite,祭坛点燃,祭坛点燃,2,Some
429,Environment,Altar,Altar_Offering,祭坛供奉,祭坛供奉,2,Some
430,Environment,Altar,Altar_Activate,祭坛激活,祭坛激活,2,Some
431,Environment,Altar,StoneCircle_Activate,石圈激活,石圈激活,2,Some
432,Item,Pickup,Item_Pickup_Normal,普通物品拾取,普通拾取,1,All
433,Item,Pickup,Item_Pickup_LowAngle,拾取低角度,低角度拾取,1,All
434,Item,Pickup,Item_Pickup_Important,重要物品拾取,重要拾取,1,All
435,Item,Pickup,Item_Pickup_KeyItem,关键道具拾取,关键拾取,1,All
436,Item,Pickup,Item_Pickup_KeyItemReveal,关键物品揭示,关键揭示,1,All
437,Item,Pickup,Item_Pickup_Weapon,拾取武器,拾取武器,1,All
438,Item,Pickup,Item_Pickup_Armor,拾取防具,拾取防具,1,All
439,Item,Pickup,Item_Pickup_Lore,拾取文档笔记,拾取文档,1,All
440,Item,Pickup,Item_Examine,检查物品,检查物品,1,All
441,Item,Pickup,Item_InspectRotate,物品旋转检视,旋转检视,2,Some
442,Item,Pickup,Item_TrophyInspect,战利品检视,战利品检视,2,Some
443,Item,Pickup,Corpse_Loot,搜刮尸体,搜刮尸体,1,All
444,Item,Pickup,Corpse_LootApproach,尸体拾取接近,尸体接近,1,All
445,Item,Pickup,Chest_Open,开箱子,开箱子,1,All
446,Item,Pickup,Chest_OpenZoom,宝箱打开zoom,宝箱zoom,1,All
447,Item,Pickup,Chest_OpenReveal,宝箱打开揭示,宝箱揭示,1,All
448,Item,Pickup,Chest_OpenMimic,开到宝箱怪,宝箱怪,1,All
449,Item,Pickup,Treasure_Reveal,宝藏揭示,宝藏揭示,1,All
450,Item,Pickup,Currency_Collect,收集货币魂,收集货币,1,All
451,Item,Bloodstain,Bloodstain_Touch,触碰血迹,触碰血迹,1,All
452,Item,Bloodstain,Bloodstain_View,观看血迹回放,血迹回放,1,All
453,Item,Bloodstain,Bloodstain_Retrieve,取回血迹魂,取回魂,1,All
454,Item,Bloodstain,Bloodstain_Replay,血迹回放,血迹回放,1,All
455,Item,Bloodstain,LostRunes_Chase,追回失落魂镜头,追回魂,1,All
456,Item,Bloodstain,SoulDrop_Recovery,灵魂掉落恢复,灵魂恢复,1,All
457,Item,Bloodstain,Soul_Return,灵魂返回,灵魂返回,1,All
458,Item,Message,Message_Read,阅读地上的信息,阅读信息,1,All
459,Item,Message,Message_ReadZoom,信息阅读zoom,信息zoom,1,All
460,Item,Message,Message_Write,书写信息,书写信息,1,All
461,Item,Use,Item_Use_Estus,使用回复药水,使用药水,1,All
462,Item,Use,Item_Use_EstusSip,喝药特写,喝药特写,1,All
463,Item,Use,Item_Use_Consumable,使用消耗品,使用消耗品,1,All
464,Item,Use,Item_Use_ConsumableCloseUp,消耗品使用特写,消耗品特写,1,All
465,Item,Use,Item_Use_Buff,使用增益物品,使用增益,1,All
466,Item,Use,Item_Use_BuffActivate,增益激活,增益激活,1,All
467,Item,Use,Item_Use_Throwable,使用投掷物,使用投掷物,1,All
468,Item,Use,Item_Use_KeyItem,使用关键道具,使用关键道具,1,All
469,Item,Use,Item_Use_SpecialItem,使用特殊道具,使用特殊道具,1,All
470,Item,Use,Item_Use_Gesture,使用手势表情,使用手势,1,All
471,Item,Use,Item_Use_Relic,遗物激活,遗物激活,2,Some
472,Item,Use,Item_Use_ChaliceDrink,圣杯饮用,圣杯饮用,1,Bloodborne
473,Item,Equip,Equip_Weapon_Switch,切换武器,切换武器,1,All
474,Item,Equip,Equip_TwoHand,双持切换,双持切换,1,All
475,Item,Equip,Equip_Spell_Switch,切换法术,切换法术,1,All
476,Item,Equip,Equip_Item_Switch,切换道具栏,切换道具,1,All
477,Item,Equip,Equip_Armor_Change,更换防具,更换防具,1,All
478,Item,Equip,Equip_AccessoryChange,更换饰品,更换饰品,1,All
479,Item,Equip,Equip_Inspect,装备检视,装备检视,1,All
480,Item,Equip,Equip_Transform,武器变形,武器变形,1,Bloodborne
481,Item,Upgrade,Upgrade_RuneInspect,符文升级材料检视,符文检视,1,All
482,Item,Upgrade,Upgrade_SmithingView,铁匠锻造视角,锻造视角,1,All
483,Item,Upgrade,Upgrade_EnchantView,附魔视角,附魔视角,1,All
484,Item,Upgrade,Upgrade_SuccessReveal,强化成功展示,强化成功,1,All
485,Item,Upgrade,Upgrade_Confirm,升级确认,升级确认,1,All
486,Item,Craft,Craft_Detail,制作细节,制作细节,2,Some
487,Item,Craft,Craft_Animation,制作动画,制作动画,2,Some
488,Item,Craft,Craft_PotionMixing,药水调配,药水调配,2,Some
489,Item,Craft,Craft_FragmentInsertion,碎片插入,碎片插入,2,Some
490,Item,Craft,Craft_MemoryFragmentRecall,记忆碎片回溯,记忆回溯,2,Some
491,Item,Map,Map_MarkerPlace,地图标记放置,地图标记,1,EldenRing
492,Item,Map,Map_Overview,地图总览,地图总览,1,EldenRing
493,NPC,Dialogue,Dialogue_Approach,接近NPC,接近NPC,1,All
494,NPC,Dialogue,Dialogue_Enter,进入对话,进入对话,1,All
495,NPC,Dialogue,Dialogue_OTS_Player,过肩镜头玩家视角,过肩玩家,1,All
496,NPC,Dialogue,Dialogue_OTS_NPC,过肩镜头NPC视角,过肩NPC,1,All
497,NPC,Dialogue,Dialogue_CloseUp_Player,特写玩家,特写玩家,1,All
498,NPC,Dialogue,Dialogue_CloseUp_NPC,特写NPC,特写NPC,1,All
499,NPC,Dialogue,Dialogue_TwoShot,双人镜头,双人镜头,1,All
500,NPC,Dialogue,Dialogue_Wide,对话全景,对话全景,1,All
501,NPC,Dialogue,Dialogue_Exit,退出对话,退出对话,1,All
502,NPC,Dialogue,Dialogue_Choice,选择选项时,选择选项,1,All
503,NPC,Dialogue,Dialogue_Important,重要对话,重要对话,1,All
504,NPC,Dialogue,Dialogue_Emotional,情感对话,情感对话,1,All
505,NPC,Dialogue,Dialogue_Group,多NPC对话,多NPC对话,2,Some
506,NPC,Dialogue,Dialogue_MultiCharacterSwitch,多角色对话切换,多角色切换,2,Some
507,NPC,Dialogue,Dialogue_Walking,边走边谈,边走边谈,2,Some
508,NPC,Dialogue,Dialogue_SoftLockNPC,对话软锁定NPC,软锁定NPC,1,All
509,NPC,Service,Merchant_Browse,浏览商店,浏览商店,1,All
510,NPC,Service,Merchant_Purchase,购买物品,购买物品,1,All
511,NPC,Service,Merchant_Sell,出售物品,出售物品,1,All
512,NPC,Service,Merchant_TradeCam,商人交易视角,交易视角,1,All
513,NPC,Service,Blacksmith_Upgrade,铁匠强化,铁匠强化,1,All
514,NPC,Service,Blacksmith_Repair,铁匠修理,铁匠修理,1,All
515,NPC,Service,Blacksmith_Infuse,铁匠注魔,铁匠注魔,1,All
516,NPC,Service,Blacksmith_ForgeView,铁匠锻造视角,锻造视角,1,All
517,NPC,Service,Sorcerer_LearnSpell,学习法术,学习法术,1,All
518,NPC,Service,Trainer_LevelUp,升级加点,升级加点,1,All
519,NPC,Service,Healer_Cure,治疗服务,治疗服务,2,Some
520,NPC,Service,Keeper_Attune,调谐装配,调谐装配,1,All
521,NPC,Special,NPC_Give_Item,NPC给予物品,NPC给物品,1,All
522,NPC,Special,NPC_Request,NPC请求任务,NPC请求,1,All
523,NPC,Special,NPC_Betray,NPC背叛,NPC背叛,1,All
524,NPC,Special,NPC_Death,NPC死亡,NPC死亡,1,All
525,NPC,Special,NPC_Transform,NPC变身,NPC变身,1,All
526,NPC,Special,NPC_Summon,召唤NPC,召唤NPC,1,All
527,NPC,Special,NPC_Dismiss,遣散NPC,遣散NPC,1,All
528,NPC,Special,NPC_Follow,NPC跟随状态,NPC跟随,1,All
529,NPC,Special,NPC_Combat_Assist,NPC战斗协助,NPC协助,1,All
530,NPC,Special,NPC_Rescue,救援NPC,救援NPC,2,Some
531,NPC,Special,NPC_Escort,护送NPC,护送NPC,2,Some
532,NPC,Special,NPC_FarewellCloseUp,NPC告别特写,NPC告别,1,All
533,NPC,Special,NPC_Interaction,NPC交互,NPC交互,1,All
534,RestPoint,Bonfire,Bonfire_Approach,接近篝火,接近篝火,1,All
535,RestPoint,Bonfire,Bonfire_Light,点燃篝火,点燃篝火,1,All
536,RestPoint,Bonfire,Bonfire_Sit,坐在篝火旁,坐在篝火,1,All
537,RestPoint,Bonfire,Bonfire_Rest,休息状态,休息状态,1,All
538,RestPoint,Bonfire,Bonfire_Menu,篝火菜单,篝火菜单,1,All
539,RestPoint,Bonfire,Bonfire_LevelUp,在篝火升级,篝火升级,1,All
540,RestPoint,Bonfire,Bonfire_Warp,传送准备,传送准备,1,All
541,RestPoint,Bonfire,Bonfire_WarpOut,传送离开,传送离开,1,All
542,RestPoint,Bonfire,Bonfire_WarpIn,传送到达,传送到达,1,All
543,RestPoint,Bonfire,Bonfire_Stand,从篝火站起,篝火站起,1,All
544,RestPoint,Bonfire,Bonfire_Kindle,强化篝火,强化篝火,1,DarkSouls
545,RestPoint,Checkpoint,Checkpoint_Activate,激活检查点,激活检查点,1,All
546,RestPoint,Checkpoint,Shrine_Pray,祭坛祈祷,祭坛祈祷,1,All
547,RestPoint,Checkpoint,Statue_Touch,触摸雕像,触摸雕像,1,All
548,RestPoint,Checkpoint,Statue_Pray,雕像祈祷,雕像祈祷,1,All
549,RestPoint,Checkpoint,GraceSite_Rest,赐福点休息,赐福点休息,1,EldenRing
550,RestPoint,Checkpoint,GraceSite_Meditate,赐福点冥想,赐福点冥想,1,EldenRing
551,RestPoint,Checkpoint,Lamp_Light,点燃提灯,点燃提灯,1,Bloodborne
552,RestPoint,Checkpoint,Stargazer_Activate,星光器激活,星光器激活,1,LiesOfP
553,RestPoint,Hub,Hub_Enter,进入主城Hub,进入Hub,1,All
554,RestPoint,Hub,Hub_Overview,Hub全景展示,Hub全景,1,All
555,RestPoint,Hub,Hub_Walk,在Hub中行走,Hub行走,1,All
556,RestPoint,Hub,Hub_Exit,离开Hub,离开Hub,1,All
557,RestPoint,Hub,Hub_Return,返回Hub,返回Hub,1,All
558,RestPoint,Hub,Hub_Upgrade,Hub升级发展,Hub升级,2,Some
559,Death,DeathProcess,Death_Normal,普通死亡,普通死亡,1,All
560,Death,DeathProcess,Death_Fall,坠落死亡,坠落死亡,1,All
561,Death,DeathProcess,Death_FromAbove,高空坠落死亡镜头,高空坠落,1,All
562,Death,DeathProcess,Death_Drown,溺水死亡,溺水死亡,1,All
563,Death,DeathProcess,Death_Poison,毒死,毒死,1,All
564,Death,DeathProcess,Death_Curse,诅咒死亡,诅咒死亡,1,All
565,Death,DeathProcess,Death_Burn,烧死,烧死,1,All
566,Death,DeathProcess,Death_Freeze,冻死,冻死,1,All
567,Death,DeathProcess,Death_Execution,被处决而死,被处决,1,All
568,Death,DeathProcess,Death_Eaten,被吃掉,被吃掉,1,All
569,Death,DeathProcess,Death_Crush,被压死,被压死,1,All
570,Death,DeathProcess,Death_Petrify,石化死亡,石化死亡,1,All
571,Death,DeathProcess,Death_Fade,消散死亡,消散死亡,1,All
572,Death,DeathProcess,Death_Slow,慢动作死亡,慢动作死亡,1,All
573,Death,DeathProcess,Death_SlowMo,死亡场景慢动作,死亡慢动作,1,All
574,Death,DeathProcess,Death_Dramatic,戏剧性死亡,戏剧性死亡,1,All
575,Death,DeathProcess,Death_Animation,死亡动画,死亡动画,1,All
576,Death,DeathCamera,Death_Camera_Hold,死亡后镜头保持,死亡保持,1,All
577,Death,DeathCamera,Death_Camera_Pan,死亡后镜头缓慢移动,死亡平移,1,All
578,Death,DeathCamera,Death_Camera_ZoomOut,死亡后镜头拉远,死亡拉远,1,All
579,Death,DeathCamera,Death_Camera_FadeOut,死亡淡出,死亡淡出,1,All
580,Death,DeathCamera,Death_SoulSpectate,死亡灵魂观战,灵魂观战,1,All
581,Death,DeathCamera,Death_MessageOverlay,死亡信息覆盖,死亡信息,1,All
582,Death,DeathCamera,Death_CountdownCam,死亡倒计时镜头,死亡倒计时,2,Some
583,Death,DeathCamera,YouDied_Screen,YouDied界面,YouDied,1,All
584,Death,Respawn,Respawn_FadeIn,重生淡入,重生淡入,1,All
585,Death,Respawn,Respawn_AtBonfire,在篝火重生,篝火重生,1,All
586,Death,Respawn,Respawn_AtCheckpoint,在检查点重生,检查点重生,1,All
587,Death,Respawn,Respawn_FromGrace,从赐福点重生,赐福点重生,1,EldenRing
588,Death,Respawn,Respawn_Immediate,立即重生,立即重生,2,Some
589,Death,Respawn,Respawn_Cinematic,剧情重生,剧情重生,2,Some
590,Death,Respawn,Respawn_CrawlCam,重生爬行视角,重生爬行,2,Some
591,Death,Respawn,Respawn_Location,重生位置,重生位置,1,All
592,Death,Revive,Revive_ByAlly,被队友复活,队友复活,1,All
593,Death,Revive,Revive_ByItem,使用物品复活,物品复活,1,All
594,Death,Revive,Revive_SecondChance,二次机会复活,二次机会,2,Some
595,Death,Revive,Revive_Rise,复活站起,复活站起,1,All
596,Death,Revive,Revive_Ritual,复活仪式,复活仪式,2,Some
597,Death,Revive,Revive_GhostlyReturn,幽灵回归,幽灵回归,2,Some
598,Death,Revive,Revive_FailedCam,复活失败镜头,复活失败,2,Some
599,Death,Ghost,Ghost_Appear,其他玩家幽魂出现,幽魂出现,1,All
600,Death,Ghost,Ghost_Death,幽魂死亡演示,幽魂死亡,1,All
601,Death,Ghost,Ghost_TrailFollow,幽灵轨迹跟随,幽灵轨迹,2,Some
602,Death,Ghost,Phantom_Summon,召唤幻影,召唤幻影,1,All
603,Death,Ghost,Phantom_Fade,幻影消失,幻影消失,1,All
604,Death,Ghost,Phantom_EchoReplay,幻影回响回放,幻影回响,2,Some
605,Death,Ghost,Corpse_Approach,尸体接近,尸体接近,1,All
606,Death,Ghost,Corpse_FadeIn,尸体淡入,尸体淡入,1,All
607,Cinematic,CutsceneType,Cutscene_PreRendered,预渲染过场,预渲染过场,1,All
608,Cinematic,CutsceneType,Cutscene_RealTime,实时过场,实时过场,1,All
609,Cinematic,CutsceneType,Cutscene_InEngine,引擎内过场,引擎内过场,1,All
610,Cinematic,CutsceneType,Cutscene_InGame,游戏内实时演出,游戏内演出,1,All
611,Cinematic,CutsceneType,Cutscene_Seamless,无缝过场,无缝过场,1,All
612,Cinematic,CutsceneType,Cutscene_Interactive,可交互过场,可交互过场,2,Some
613,Cinematic,CutsceneType,Cutscene_Skippable,可跳过过场,可跳过过场,1,All
614,Cinematic,CutsceneType,Cutscene_Unskippable,不可跳过过场,不可跳过过场,1,All
615,Cinematic,CutsceneType,Cutscene_FirstTime,首次触发过场,首次过场,1,All
616,Cinematic,CutsceneType,Cutscene_Repeat,重复触发过场,重复过场,1,All
617,Cinematic,CutsceneType,Cutscene_Fixed,固定镜头过场,固定镜头,1,All
618,Cinematic,CutsceneType,Cutscene_Spline,样条曲线过场,样条过场,1,All
619,Cinematic,CutsceneType,Cutscene_TransitionBlend,过场过渡混合,过渡混合,1,All
620,Cinematic,CutsceneType,Cutscene_CameraDolly,推轨镜头,推轨镜头,1,All
621,Cinematic,CutsceneType,Cutscene_DynamicLighting,动态光照,动态光照,2,Some
622,Cinematic,Reveal,Reveal_Area_Wide,区域全景揭示,区域全景,1,All
623,Cinematic,Reveal,Reveal_Area_Pan,区域平移展示,区域平移,1,All
624,Cinematic,Reveal,Reveal_Area_Crane,区域吊臂镜头,区域吊臂,1,All
625,Cinematic,Reveal,Reveal_Vista,远景揭示,远景揭示,1,All
626,Cinematic,Reveal,Reveal_Landmark,地标揭示,地标揭示,1,All
627,Cinematic,Reveal,Reveal_Structure,建筑揭示,建筑揭示,1,All
628,Cinematic,Reveal,Reveal_Enemy,敌人揭示,敌人揭示,1,All
629,Cinematic,Reveal,Reveal_Hazard,危险揭示,危险揭示,1,All
630,Cinematic,Reveal,Reveal_Treasure,宝藏位置揭示,宝藏揭示,1,All
631,Cinematic,Reveal,Reveal_Path,路径揭示,路径揭示,1,All
632,Cinematic,Reveal,Reveal_Secret,秘密揭示,秘密揭示,1,All
633,Cinematic,Reveal,Reveal_Change,环境变化揭示,变化揭示,1,All
634,Cinematic,Reveal,Reveal_EnvironmentalNarrative,环境叙事平移,环境叙事,2,Some
635,Cinematic,Character,Character_Intro,角色登场,角色登场,1,All
636,Cinematic,Character,Character_HeroMoment,主角高光时刻,高光时刻,1,All
637,Cinematic,Character,Character_Transformation,角色变身,角色变身,1,All
638,Cinematic,Character,Character_PowerUp,角色强化,角色强化,1,All
639,Cinematic,Character,Character_Awakening,角色觉醒,角色觉醒,1,All
640,Cinematic,Character,Character_Memory,角色回忆,角色回忆,1,All
641,Cinematic,Character,Character_Vision,角色幻象,角色幻象,1,All
642,Cinematic,Character,Character_Dream,角色梦境,角色梦境,1,All
643,Cinematic,Character,Character_Madness,角色疯狂,角色疯狂,1,Bloodborne
644,Cinematic,Character,Character_Corruption,角色堕落,角色堕落,1,All
645,Cinematic,Character,Character_Redemption,角色救赎,角色救赎,1,All
646,Cinematic,Character,Character_Sacrifice,角色牺牲,角色牺牲,1,All
647,Cinematic,Character,Character_EmotionCloseUp,情感特写,情感特写,1,All
648,Cinematic,Character,Character_PlayerReaction,玩家反应,玩家反应,1,All
649,Cinematic,WorldEvent,WorldEvent_Earthquake,地震,地震,1,All
650,Cinematic,WorldEvent,WorldEvent_Eclipse,日食月食,日食月食,1,All
651,Cinematic,WorldEvent,WorldEvent_Storm,风暴来临,风暴,1,All
652,Cinematic,WorldEvent,WorldEvent_Flood,洪水,洪水,2,Some
653,Cinematic,WorldEvent,WorldEvent_Eruption,火山爆发,火山,2,Some
654,Cinematic,WorldEvent,WorldEvent_Collapse,建筑坍塌,建筑坍塌,1,All
655,Cinematic,WorldEvent,WorldEvent_Invasion,外敌入侵,入侵,1,All
656,Cinematic,WorldEvent,WorldEvent_Ritual,仪式进行,仪式,1,All
657,Cinematic,WorldEvent,WorldEvent_Summoning,召唤仪式,召唤仪式,1,All
658,Cinematic,WorldEvent,WorldEvent_Apocalypse,末日场景,末日,2,Some
659,Cinematic,WorldEvent,WorldEvent_TimeChange,时间变化,时间变化,1,All
660,Cinematic,WorldEvent,WorldEvent_WeatherChange,天气变化,天气变化,1,All
661,Cinematic,WorldEvent,WorldEvent_Trigger,世界事件触发,事件触发,1,All
662,Cinematic,Flashback,Flashback_Lore,传说回溯,传说回溯,1,All
663,Cinematic,Flashback,Flashback_Memory,记忆闪回,记忆闪回,1,All
664,Cinematic,Flashback,Flashback_SpiritMemory,灵魂记忆回放,灵魂记忆,1,All
665,Cinematic,Flashback,Flashback_MemoryFragment,记忆碎片,记忆碎片,1,All
666,Cinematic,Flashback,Dream_Sequence,梦境序列,梦境序列,1,All
667,Cinematic,Flashback,Dream_Distort,梦境扭曲,梦境扭曲,1,All
668,Cinematic,Transition,Transition_FadeToBlack,淡出到黑,淡出到黑,1,All
669,Cinematic,Transition,Transition_FadeFromBlack,从黑淡入,从黑淡入,1,All
670,Cinematic,Transition,Transition_FadeToWhite,淡出到白,淡出到白,1,All
671,Cinematic,Transition,Transition_CrossFade,交叉淡化,交叉淡化,1,All
672,Cinematic,Transition,Transition_Wipe,擦除转场,擦除转场,2,Some
673,Cinematic,Transition,Transition_Zoom,缩放转场,缩放转场,1,All
674,Cinematic,Transition,Transition_Blur,模糊转场,模糊转场,1,All
675,Cinematic,Transition,Transition_MatchCut,匹配剪辑,匹配剪辑,2,Some
676,Cinematic,Transition,Transition_JumpCut,跳切,跳切,2,Some
677,Cinematic,Transition,Transition_TimeSkip,时间跳跃,时间跳跃,1,All
678,Cinematic,Transition,Transition_LoadingMask,加载遮罩,加载遮罩,1,All
679,Magic,SpellCast,Magic_SpellAim,法术瞄准,法术瞄准,1,All
680,Magic,SpellCast,Magic_SpellCast,法术施放,法术施放,1,All
681,Magic,SpellCast,Magic_RitualCast,仪式施法,仪式施法,1,All
682,Magic,SpellCast,Magic_MiracleChannel,奇迹引导,奇迹引导,1,All
683,Magic,SpellCast,Magic_PyromancySpread,火焰术扩散,火焰术,1,All
684,Magic,SpellCast,Magic_SorceryFocus,魔法聚焦,魔法聚焦,1,All
685,Magic,SpellCast,Magic_IncantationFocus,咒术聚焦,咒术聚焦,1,EldenRing
686,Magic,SpellCast,Magic_FaithBoost,信仰增益,信仰增益,1,All
687,Magic,SpellCast,Magic_ChargeAttack,蓄力攻击,蓄力攻击,1,All
688,Magic,SpellCast,Magic_AuraReveal,魔法光环揭示,光环揭示,2,Some
689,Magic,Summon,Summon_SpiritAshCam,灵灰召唤镜头,灵灰召唤镜头,1,EldenRing
690,Magic,Summon,Summon_SpiritApproach,召唤灵魂接近,灵魂接近,1,All
691,Magic,Summon,Summon_SpiritShieldDeploy,灵魂盾展开,灵魂盾,2,Some
692,Magic,Summon,Summon_GhostManifest,幽灵显现,幽灵显现,1,All
693,Magic,Skill,Skill_Activation,技能激活,技能激活,1,All
694,Magic,Skill,Skill_StatusEffect,状态效果,状态效果,1,All
695,Magic,Skill,Skill_WeaponArts,战技,战技,1,All
696,Multiplayer,Summon,MP_SummonWait,召唤等待,召唤等待,1,All
697,Multiplayer,Summon,MP_SummonAccept,召唤接受,召唤接受,1,All
698,Multiplayer,Summon,MP_SignDisplay,召唤符显示,召唤符显示,1,All
699,Multiplayer,Summon,MP_SignPlacement,召唤符放置,召唤符放置,1,All
700,Multiplayer,Summon,MP_WhiteSignInvite,白色符号邀请,白符邀请,1,All
701,Multiplayer,Summon,MP_RedSignWarning,红色符号警告,红符警告,1,All
702,Multiplayer,PvP,MP_PvPCombat,PvP战斗,PvP战斗,1,All
703,Multiplayer,PvP,MP_Invasions,入侵,入侵,1,All
704,Multiplayer,PvP,MP_InvasionAlert,入侵警报,入侵警报,1,All
705,Multiplayer,PvP,MP_PvPChallenge,PvP挑战,PvP挑战,1,All
706,Multiplayer,PvP,MP_DarkSigilEffect,暗印效果,暗印效果,1,DarkSouls3
707,Multiplayer,Coop,MP_CoopSupport,协力支援,协力支援,1,All
708,Multiplayer,Coop,MP_CoopCombat,协力战斗,协力战斗,1,All
709,Multiplayer,Coop,MP_CoopRevive,协力复活,协力复活,1,All
710,UI,Menu,Menu_Pause,暂停菜单,暂停菜单,1,All
711,UI,Menu,Menu_PauseOrbit,暂停菜单轨道,暂停轨道,1,All
712,UI,Menu,Menu_Inventory,物品栏,物品栏,1,All
713,UI,Menu,Menu_InventorySort,物品栏排序,物品排序,1,All
714,UI,Menu,Menu_Equipment,装备菜单,装备菜单,1,All
715,UI,Menu,Menu_EquipInspect,装备检视,装备检视,1,All
716,UI,Menu,Menu_Stats,状态属性菜单,状态菜单,1,All
717,UI,Menu,Menu_StatsFixed,状态界面固定,状态固定,1,All
718,UI,Menu,Menu_Map,地图界面,地图界面,1,EldenRing
719,UI,Menu,Menu_MapOverview,地图总览,地图总览,1,EldenRing
720,UI,Menu,Menu_Skills,技能树,技能树,1,All
721,UI,Menu,Menu_System,系统设置,系统设置,1,All
722,UI,PhotoMode,Photo_Mode,拍照模式,拍照模式,2,Some
723,UI,PhotoMode,Photo_FreeCamera,自由相机,自由相机,2,Some
724,Modifier,Core,Modifier_AutoRecenter,自动回中,自动回中,1,All
725,Modifier,Core,Modifier_InputDrivenRecenter,输入驱动回中,输入驱动回中,1,All